"ID","Password","Name","Age","Email","Reading List","Is Admin"
"202210370311002","password124","Jane Doe","26","jane.doe@example.com","9780003,9780004",False
"202210370311003","password125","Alice Smith","28","alice.smith@example.com","9780005,9780006",False
"202210370311004","password126","Bob Johnson","29","bob.johnson@example.com","9780007,9780008",False
"202210370311005","password127","Emily Chen","27","emily.chen@example.com","9780009,9780010",False
"202210370311006","password128","Michael Brown","31","michael.brown@example.com","9780011,9780012",False
"202210370311007","password129","Sarah Lee","24","sarah.lee@example.com","9780013,9780014",False
"202210370311008","password130","David Kim","30","david.kim@example.com","9780015,9780016",False
"202210370311009","password131","Lisa Nguyen","25","lisa.nguyen@example.com","9780017,9780018",False
"202210370311010","password132","Kevin White","29","kevin.white@example.com","9780019,9780020",False
"202210370311011","password133","Jessica Hall","26","jessica.hall@example.com","9780021,9780022",False
"202210370311012","password134","Ryan Davis","28","ryan.davis@example.com","9780023,9780024",False
"202210370311013","password135","Olivia Martin","27","olivia.martin@example.com","9780025,9780026",False
"202210370311014","password136","William Harris","31","william.harris@example.com","9780027,9780028",False
"202210370311015","password137","Hannah Walker","25","hannah.walker@example.com","9780029,9780030",False
